{"cameraMode":{"drawMode":0,"name":"Shaded","section":"Shading Mode"},"sceneLighting":true,"audioPlay":false,"sceneViewState":{"showFog":false,"showMaterialUpdate":false,"showSkybox":false,"showFlares":false,"showImageEffects":false,"showParticleSystems":true},"in2DMode":false,"pivot":{"x":-1.1713173389434815,"y":0.6977523565292358,"z":-0.9483723640441895},"rotation":{"x":-0.007241739891469479,"y":0.9894378185272217,"z":-0.13470332324504853,"w":-0.05318329483270645},"size":6.131354808807373,"orthographic":false}