{"cameraMode":{"drawMode":0,"name":"Shaded","section":"Shading Mode"},"sceneLighting":true,"audioPlay":false,"sceneViewState":{"showFog":false,"showMaterialUpdate":false,"showSkybox":false,"showFlares":false,"showImageEffects":false,"showParticleSystems":true},"in2DMode":false,"pivot":{"x":0.004407450556755066,"y":-0.6457574367523193,"z":-0.9050332307815552},"rotation":{"x":-0.012877789326012135,"y":0.942286491394043,"z":-0.3325897753238678,"w":-0.03648447245359421},"size":4.83857536315918,"orthographic":false}